inactiveDay,activeNight,inactiveLight,activeDark,mean,std,median,q1,q3,percent_zero,kurtosis
0.0055555555555555,0.5527777777777778,0.1254826254826254,0.5148514851485149,296.5548611111111,425.0695758492929,70.0,5.0,464.0,0.0,7.390775177310222
0.0986111111111111,0.3763888888888889,0.0864864864864864,0.4666666666666667,226.4423611111111,324.1278855360208,77.0,4.0,318.75,0.0,7.851990252525084
0.0125,0.45,0.0126126126126126,0.5502824858757062,335.3673611111111,380.4567339180377,227.0,0.0,550.0,27.08333333333333,5.172370888169746
0.0972222222222222,0.4236111111111111,0.1153846153846153,0.5882899628252788,275.1513888888889,441.36641154555326,76.0,0.0,411.0,31.875,21.4226049047535
0.3041666666666666,0.3805555555555555,0.3550488599348534,0.4588377723970944,243.56041666666667,415.2736739589408,22.0,0.0,293.0,45.625,7.114777342775833
0.0902777777777777,0.4652777777777778,0.0087527352297593,0.5462868769074263,379.60625,509.7812375679769,139.0,0.0,626.0,30.069444444444443,8.844699215234469
0.0166666666666666,0.4819444444444444,0.1095505617977528,0.5782967032967034,508.2104166666667,628.0401004599855,268.0,0.0,809.0,25.55555555555556,7.79674183472282
0.1263888888888888,0.4638888888888889,0.2134831460674157,0.5535714285714286,312.0680555555556,462.9900565309464,111.0,0.0,398.0,31.875,6.36296032624442
0.0430555555555555,0.3791666666666666,0.027027027027027,0.4768361581920904,420.84375,503.6720517163523,223.0,0.0,712.0,32.22222222222222,4.479222272465961
0.3472222222222222,0.2041666666666666,0.4555984555984556,0.1311881188118812,80.16041666666666,182.2882007897132,0.0,0.0,54.0,53.40277777777778,12.925899882505936
0.1069444444444444,0.2958333333333333,0.1858064516129032,0.3383458646616541,351.0576388888889,490.86133555289626,70.0,0.0,606.0,39.72222222222222,4.83685806275192
0.3319444444444444,0.2194444444444444,0.4382239382239382,0.141089108910891,91.18611111111112,180.27090285764544,0.0,0.0,100.0,53.54166666666666,21.40973117844997
0.1277777777777777,0.4458333333333333,0.0065645514223194,0.503560528992879,377.9215277777778,530.9033957873498,141.0,0.0,582.0,31.666666666666664,7.698070261072967
0.1333333333333333,0.4805555555555555,0.0175054704595186,0.5300101729399797,357.68055555555554,483.9593774092181,143.0,0.0,568.0,30.13888888888889,6.535853388503021
0.2819444444444444,0.4361111111111111,0.3703703703703703,0.3823529411764705,330.55069444444445,455.5673598799436,93.0,0.0,529.0,41.80555555555556,6.7416121473851405
0.6013888888888889,0.1861111111111111,0.6384364820846905,0.2409200968523002,71.42430555555555,218.24655289876367,0.0,0.0,17.0,68.75,25.6615424070633
0.0444444444444444,0.3916666666666666,0.0468468468468468,0.4983050847457627,344.12152777777777,403.4675205267103,197.0,0.0,568.0,31.38888888888889,3.903672028060437
0.2680555555555555,0.5180555555555556,0.3494208494208494,0.5594059405940595,451.3513888888889,572.7586634752702,136.0,0.0,883.0,36.66666666666666,3.1930301390054705
0.15,0.3875,0.1726384364820846,0.463680387409201,211.27569444444444,322.1598146532539,64.0,0.0,306.0,36.73611111111112,11.19485936430658
0.425,0.6791666666666667,0.4837133550488599,0.7094430992736077,204.06597222222223,315.2588165720891,57.0,0.0,283.0,36.11111111111111,8.743437175383988
0.0763888888888889,0.3819444444444444,0.1638709677419355,0.4390977443609022,272.0513888888889,360.1161269319348,116.0,0.0,439.0,34.09722222222222,5.7850701586383
0.2,0.2194444444444444,0.272258064516129,0.2556390977443609,225.79305555555555,351.72888622168773,8.5,0.0,376.25,48.19444444444444,5.732142831005461
0.2541666666666666,0.3236111111111111,0.2947882736156352,0.4079903147699757,228.6923611111111,371.3585586650669,15.0,0.0,352.0,45.0,7.696441993478394
0.0486111111111111,0.3680555555555556,0.0306306306306306,0.4655367231638418,403.23333333333335,505.2521051757954,204.0,0.0,667.0,33.19444444444444,5.79502977542199
0.375,0.1513888888888888,0.5067567567567568,0.1188118811881188,69.74930555555555,174.21127831521304,0.0,0.0,47.25,58.75,33.56926809230287
0.2833333333333333,0.3902777777777778,0.2362637362637362,0.4823420074349442,106.55833333333334,164.5748942896145,19.0,0.0,158.0,40.27777777777778,8.370078109541593
0.0236111111111111,0.4541666666666666,0.018018018018018,0.5480225988700564,340.4659722222222,403.1458387378176,219.0,0.0,533.0,27.63888888888889,7.878272014758993
0.7069444444444445,0.3194444444444444,0.6822529224229543,0.2845691382765531,50.85347222222222,131.79414656668828,0.0,0.0,20.0,67.98611111111111,15.596523518214209
0.1458333333333333,0.3069444444444444,0.2317415730337078,0.3969780219780219,282.8854166666667,415.6254930190868,61.0,0.0,439.0,40.90277777777778,7.653177957814339
0.0847222222222222,0.4319444444444444,0.0828828828828828,0.5209039548022599,176.19444444444446,222.8992167880416,90.0,0.0,286.0,30.97222222222222,5.751912288650816
0.2875,0.4777777777777778,0.3581081081081081,0.4752475247524752,377.1666666666667,519.652949886004,91.5,0.0,662.0,39.65277777777778,3.975746788725704
0.0319444444444444,0.3819444444444444,0.0082417582417582,0.5678438661710037,304.65069444444447,407.7864544400816,129.0,0.0,468.0,30.34722222222222,6.845997509274769
0.3347222222222222,0.3513888888888888,0.4638949671772429,0.4954221770091556,206.12847222222223,392.6419178217511,8.0,0.0,231.0,47.56944444444444,13.326475404241547
0.1472222222222222,0.5319444444444444,0.036036036036036,0.5220338983050847,248.77777777777777,325.51970409579457,120.0,2.0,394.0,24.86111111111111,6.56612126895388
0.2736111111111111,0.3791666666666666,0.2888402625820569,0.479145473041709,103.76805555555556,190.72239417649385,13.0,0.0,116.0,40.90277777777778,12.717003768925586
0.0222222222222222,0.7694444444444445,0.1254826254826254,0.8712871287128713,324.6923611111111,380.16704268606,191.0,5.0,545.0,0.0,5.03549348505104
0.0388888888888888,0.3152777777777777,0.0342342342342342,0.4327683615819209,389.1826388888889,480.8468865032647,184.0,0.0,667.0,35.41666666666667,5.046483683102745
0.1888888888888888,0.3569444444444444,0.0879120879120879,0.4730483271375464,225.52013888888888,438.1808875483142,37.0,0.0,235.0,39.86111111111112,19.75932193127356
0.6222222222222222,0.2236111111111111,0.7214983713355049,0.3171912832929782,113.32708333333332,264.14440654274307,0.0,0.0,42.0,68.61111111111111,12.258295307097596
0.2416666666666666,0.3013888888888889,0.3538788522848034,0.3106212424849699,178.66458333333333,314.3439344081587,10.0,0.0,225.25,45.208333333333336,9.862259798911118
0.2291666666666666,0.2875,0.3145589798087141,0.2344689378757515,190.29861111111111,301.27977849841085,10.0,0.0,284.0,45.41666666666666,8.630975087158863
0.1027777777777777,0.4569444444444444,0.0357142857142857,0.5799256505576208,295.6659722222222,394.13747132798994,143.0,0.0,438.0,31.041666666666668,7.661735335643439
0.1291666666666666,0.5875,0.1334792122538293,0.6653102746693794,261.8201388888889,399.6991975436112,100.0,0.0,322.0,25.625,11.235456326039966
0.3,0.5319444444444444,0.4058679706601467,0.6246362754607178,226.3111111111111,389.0403640754161,60.5,0.0,259.0,36.04166666666666,10.725605650924074
0.1736111111111111,0.3972222222222222,0.2752808988764045,0.5013736263736264,344.30694444444447,471.3282624827196,131.0,0.0,545.0,38.40277777777778,7.847645966451754
0.0777777777777777,0.5083333333333333,0.0054945054945054,0.620817843866171,434.9736111111111,610.5435114946598,156.0,3.0,662.0,22.63888888888889,9.964848491200096
0.3111111111111111,0.4972222222222222,0.39119804400978,0.5868089233753637,202.0270833333333,328.4021415953506,43.0,0.0,296.0,39.02777777777778,13.73016490317959
0.0847222222222222,0.4402777777777777,0.0714285714285714,0.5929368029739777,282.75,385.31467605457743,107.0,0.0,425.0,31.18055555555556,5.917076419789385
0.1916666666666666,0.3361111111111111,0.24945295404814,0.4893184130213632,144.85972222222222,209.37812495694408,26.0,0.0,277.25,42.36111111111111,10.243821616115738
0.4791666666666667,0.9402777777777778,0.6992665036674817,0.901066925315228,332.1166666666667,413.4094887885753,181.0,0.0,512.0,26.18055555555556,6.793926099093077
0.1916666666666666,0.6,0.2558558558558558,0.6790960451977401,286.9486111111111,467.1999720640082,88.0,4.0,316.0,0.0,13.863553033820178
0.0958333333333333,0.3944444444444444,0.0990990990990991,0.4915254237288136,339.39930555555554,483.44219589838855,154.0,0.0,533.0,33.47222222222222,20.721896416128587
0.1833333333333333,0.4861111111111111,0.1149144254278728,0.5586808923375364,217.67013888888889,293.7891207560552,99.0,0.0,337.0,32.29166666666667,10.34776733302681
0.05,0.5930555555555556,0.071629213483146,0.6181318681318682,386.2055555555556,492.434228987764,195.0,12.0,550.0,20.48611111111111,6.523463960659132
0.0458333333333333,0.3611111111111111,0.0570032573289902,0.4455205811138014,457.1701388888889,591.5626961110212,156.0,0.0,801.0,33.88888888888889,4.393803173176829
0.1236111111111111,0.4236111111111111,0.1151685393258427,0.4203296703296703,267.15694444444443,422.84893854676864,55.0,0.0,354.0,32.63888888888889,7.834981537636171
0.3680555555555556,0.4291666666666666,0.4485776805251641,0.5208545269582909,75.10625,141.2538332546705,8.0,0.0,86.0,43.75,14.883020242898544
0.1736111111111111,0.3763888888888889,0.0274725274725274,0.4758364312267658,189.47847222222225,290.32575618861307,58.0,0.0,277.0,38.958333333333336,9.77916627585156
0.0416666666666666,0.5194444444444445,0.0342298288508557,0.6488845780795345,352.625,456.7120486843779,197.0,3.0,499.0,24.30555555555556,8.026869305617867
0.2819444444444444,0.6763888888888889,0.3708791208791209,0.7202602230483272,364.12638888888887,516.8346279610533,111.0,0.0,545.0,25.76388888888889,7.024077795967528
0.0486111111111111,0.4208333333333333,0.0306345733041575,0.5544252288911495,337.22569444444446,414.4176868984358,277.0,0.0,468.0,30.27777777777777,8.809620589077875
0.2166666666666666,0.4361111111111111,0.3075842696629213,0.5288461538461539,361.2527777777778,525.4199220645852,111.0,0.0,498.0,38.05555555555556,7.267815672704252
0.0333333333333333,0.9736111111111112,0.0289575289575289,0.9678217821782178,340.9548611111111,494.654804890613,106.0,5.0,512.0,0.0,8.709529183845012
0.4458333333333333,0.3986111111111111,0.4788359788359788,0.3104575163398693,260.36944444444447,403.8877050460818,0.0,0.0,449.0,51.66666666666667,7.582230404926028
0.0805555555555555,0.3305555555555555,0.0944625407166123,0.4164648910411622,271.8923611111111,376.47214703808265,89.5,0.0,428.5,36.80555555555556,5.465213217063188
0.0416666666666666,0.4402777777777777,0.0108108108108108,0.5175141242937853,336.25694444444446,376.2950313409968,227.0,0.0,537.25,29.166666666666668,4.196598210569855
0.05,0.9111111111111112,0.0781853281853281,0.9529702970297028,342.27916666666664,456.0379540663173,80.0,5.0,620.0,0.0,4.950945414874298
0.0194444444444444,0.4972222222222222,0.027027027027027,0.592090395480226,255.44930555555555,363.8882774379786,103.0,4.0,349.0,0.0,8.231730720480817
0.5,0.2652777777777778,0.5270988310308182,0.2124248496993988,137.0076388888889,315.8137166506867,0.0,0.0,121.0,60.27777777777777,22.36384334535987
0.1069444444444444,0.3444444444444444,0.0415647921760391,0.483996120271581,360.52569444444447,490.6885144787401,111.0,0.0,587.0,37.22222222222222,6.868154625747316
0.0138888888888888,0.5125,0.0449438202247191,0.5480769230769231,371.49444444444447,462.3817542853611,178.0,3.0,550.0,24.375,5.119125000386128
0.1388888888888889,0.1847222222222222,0.2009080590238365,0.0876565295169946,284.91805555555555,466.5592673144483,11.0,0.0,429.0,46.18055555555556,7.173746241448986
0.05,0.3652777777777777,0.0590809628008752,0.525940996948118,205.36527777777772,304.31444714425743,81.0,0.0,273.0,32.708333333333336,9.68991858181079
0.1708333333333333,0.3666666666666666,0.0906593406593406,0.4925650557620817,142.48194444444445,214.19453584842304,37.0,0.0,206.0,38.05555555555556,6.354571811705155
0.2763888888888889,0.3763888888888889,0.3653846153846153,0.5213754646840149,433.90486111111113,703.8855478453734,25.0,0.0,683.0,39.93055555555556,5.522628503951316
0.0388888888888888,0.4791666666666667,0.0302197802197802,0.6356877323420075,311.8097222222222,382.92475983066873,312.0,0.0,312.0,27.15277777777777,10.211507265102734
0.2652777777777778,0.275,0.3129102844638949,0.4201424211597152,143.60069444444446,216.5128640321096,5.0,0.0,275.0,48.40277777777778,5.777871871228252
0.2388888888888889,0.3458333333333333,0.355379188712522,0.2156862745098039,225.2111111111111,354.32583542932764,32.0,0.0,357.0,43.333333333333336,8.387662410478429
0.0402777777777777,0.6458333333333334,0.1254826254826254,0.6188118811881188,215.58125,426.3596625434476,7.0,5.0,181.0,0.0,8.743083183700888
0.0166666666666666,0.4902777777777777,0.0,0.6144455747711088,529.7333333333333,676.3542138958113,256.0,3.0,801.0,24.51388888888889,6.399667919860884
0.3027777777777777,0.3138888888888889,0.0494505494505494,0.3550185873605948,122.46041666666666,230.2764084385468,6.0,0.0,151.0,46.11111111111112,14.88311213727912
0.2111111111111111,0.3569444444444444,0.2188183807439825,0.4760935910478128,82.5513888888889,140.60955407498534,15.0,0.0,106.0,38.81944444444444,11.616606218577395
0.0666666666666666,0.4569444444444444,0.0329670329670329,0.6031598513011153,249.42916666666667,326.49195133146105,125.0,0.0,373.0,29.93055555555556,7.291248805283423
0.0069444444444444,0.4472222222222222,0.00814332247557,0.5181598062953995,462.2340277777778,534.6826509910064,283.0,0.0,757.25,27.569444444444446,4.788659478710736
0.05,0.6569444444444444,0.0274725274725274,0.7462825278810409,451.775,614.6760357932114,175.0,22.75,640.0,14.65277777777778,7.709078628001261
0.4027777777777778,0.5444444444444444,0.4609120521172638,0.5944309927360775,184.74375,314.4246656307655,28.0,0.0,231.0,41.25,8.891705932790366
0.0708333333333333,0.4763888888888888,0.1671348314606741,0.5755494505494505,482.61041666666665,1009.4646550597882,154.0,0.0,533.0,28.68055555555556,24.18420486482233
0.1861111111111111,0.3083333333333333,0.1728665207877461,0.4374364191251271,157.5861111111111,260.1490556357527,22.5,0.0,211.75,41.94444444444444,11.697410865445384
0.0347222222222222,0.4222222222222222,0.0342342342342342,0.5231638418079096,250.2409722222222,364.2856932188996,99.0,4.0,360.0,0.1388888888888889,9.513172048336289
0.0472222222222222,0.4013888888888889,0.0926966292134831,0.4519230769230769,379.6833333333333,586.4745021108156,148.0,0.0,550.0,30.76388888888889,43.288240291897175
0.1513888888888888,0.2694444444444444,0.1563517915309446,0.3474576271186441,214.32430555555555,348.3763087542763,29.0,0.0,306.0,42.5,8.253719380476262
0.0930555555555555,0.4305555555555556,0.0262582056892779,0.5269582909460834,333.5159722222222,461.6196217815989,172.0,0.0,483.0,31.73611111111111,8.96561217266595
0.3361111111111111,0.3791666666666666,0.3901098901098901,0.491635687732342,146.8513888888889,275.7823821516293,12.0,0.0,147.0,46.18055555555556,13.333954853361927
0.1875,0.7833333333333333,0.2113899613899613,0.8217821782178217,236.54513888888889,334.6570595540487,60.0,5.0,357.0,0.0,6.669493643297313
0.1152777777777777,0.3541666666666667,0.0171149144254278,0.475266731328807,253.9618055555556,357.0637386813479,91.0,0.0,384.0,36.11111111111111,6.338533258449723
0.6791666666666667,0.1527777777777778,0.754071661237785,0.2300242130750605,37.64930555555556,127.1957881351534,0.0,0.0,3.0,74.93055555555556,28.140471673742063
0.2208333333333333,0.4291666666666666,0.2757111597374179,0.5483214649033571,104.25347222222224,172.07347381567268,27.0,0.0,141.0,35.69444444444444,18.44683275287647
0.1069444444444444,0.3805555555555555,0.2742504409171076,0.3071895424836601,286.4638888888889,413.5585700265515,113.5,0.0,449.0,35.138888888888886,13.052769412468576
0.2555555555555555,0.2388888888888889,0.2450765864332603,0.3692777212614445,151.54930555555555,261.1445201199456,3.0,0.0,196.75,48.40277777777778,7.828525727329492
0.4611111111111111,0.2458333333333333,0.4952178533475027,0.1803607214428857,102.2375,220.9241704120951,0.0,0.0,76.0,59.16666666666666,14.500422921826685
0.2430555555555555,0.3263888888888889,0.3484555984555985,0.2599009900990099,349.2013888888889,491.3839948918497,32.5,0.0,683.0,38.81944444444444,3.346033994298361
0.6958333333333333,0.375,0.7248677248677249,0.5784313725490197,75.17708333333333,193.0095502282877,0.0,0.0,29.0,64.23611111111111,18.06681990029184
0.0138888888888888,0.8638888888888889,0.021067415730337,0.8722527472527473,274.9263888888889,358.2451206961325,154.0,7.0,372.0,0.0,9.120113687774476
0.1236111111111111,0.2986111111111111,0.0962800875273523,0.4404883011190234,180.04652777777778,247.59509005416305,54.0,0.0,304.0,40.06944444444444,8.94026581294324
0.0444444444444444,0.4236111111111111,0.054054054054054,0.5288135593220339,384.44652777777776,480.85588209837135,197.0,0.0,611.0,30.27777777777777,5.464288082311723
0.3013888888888889,0.2527777777777777,0.3518728717366629,0.2039355992844365,199.0847222222222,410.0261688151088,3.0,0.0,204.0,28.88888888888889,15.091865020593758
0.1916666666666666,0.3402777777777778,0.0824175824175824,0.45817843866171,176.21597222222223,293.3697274174735,23.5,0.0,205.5,40.41666666666666,6.242322693641714
0.3625,0.4861111111111111,0.4102316602316602,0.4900990099009901,402.9201388888889,552.2220649749075,66.0,0.0,757.25,42.77777777777778,3.747390152745074
0.0833333333333333,0.3638888888888889,0.1896067415730337,0.4739010989010989,295.5083333333333,379.1744442051583,138.5,0.0,512.0,35.486111111111114,6.755427232994578
0.3833333333333333,0.2347222222222222,0.4604247104247104,0.1336633663366336,72.11527777777778,152.55698957674983,0.0,0.0,55.0,54.30555555555555,13.49014884903194
0.1083333333333333,0.3166666666666666,0.0765864332603938,0.4557477110885046,209.43472222222223,311.03970088619315,52.0,0.0,317.5,37.77777777777778,10.09332915761809
0.1833333333333333,0.2958333333333333,0.1662591687041564,0.4461687681862269,189.74652777777777,314.2153253137324,24.0,0.0,268.0,41.73611111111112,9.724726184371788
0.0375,0.4625,0.0414414414414414,0.5581920903954802,403.93958333333336,465.89774334895,227.0,0.0,689.0,27.98611111111111,4.837889739276173
0.3833333333333333,0.5708333333333333,0.3918918918918919,0.556930693069307,233.44583333333333,427.9303277114869,42.0,0.0,256.0,38.88888888888889,21.65984788760663
0.3861111111111111,0.6069444444444444,0.4887640449438202,0.7074175824175825,329.8173611111111,485.81139006526575,80.5,0.0,500.0,37.91666666666666,7.683844375935497
0.1805555555555555,0.4236111111111111,0.2133550488599348,0.4987893462469733,369.0215277777778,548.21286396804,86.0,0.0,533.0,37.01388888888889,5.774227730268544
0.6277777777777778,0.4305555555555556,0.6153028692879915,0.4328657314629258,87.11458333333333,204.9602651261381,0.0,0.0,61.0,58.05555555555556,25.94761110282626
0.1611111111111111,0.2944444444444444,0.1837837837837838,0.4101694915254237,282.16041666666666,391.39656219449887,67.0,0.0,485.0,42.01388888888889,6.63304932163285
0.0388888888888888,0.4861111111111111,0.0393258426966292,0.4917582417582417,231.8625,299.5939280657116,124.0,2.0,347.0,22.22222222222222,10.715536157168524
0.3111111111111111,0.2833333333333333,0.3783783783783784,0.4011299435028249,233.05069444444445,412.7165056513288,0.0,0.0,306.0,50.06944444444444,8.238716605059787
0.2458333333333333,0.3138888888888889,0.3549415515409139,0.3246492985971944,202.6472222222222,364.6675228424447,10.0,0.0,275.0,43.05555555555556,15.92729292890491
0.125,0.4944444444444444,0.2429775280898876,0.614010989010989,338.56458333333336,492.8549736109295,98.0,0.0,503.0,29.72222222222222,6.006846699493437
0.0347222222222222,0.9069444444444444,0.083011583011583,0.9851485148514852,266.56875,353.516459109807,96.0,5.0,421.0,0.0,7.319049891170803
0.1611111111111111,0.3777777777777777,0.1466083150984682,0.4944048830111902,234.98541666666668,372.6161298041676,59.0,0.0,316.0,37.29166666666666,8.797442471562794
0.2555555555555555,0.4569444444444444,0.1225382932166301,0.4720244150559511,212.3055555555556,287.1526866167908,59.0,0.0,358.0,36.94444444444444,4.07519007970392
0.2930555555555555,0.4041666666666667,0.3019693654266958,0.4893184130213632,66.44375,121.0845575581294,10.0,0.0,80.0,38.40277777777778,16.33866841791877
0.5027777777777778,0.9083333333333332,0.5423423423423424,0.8564971751412429,251.9375,328.75826179912417,121.0,0.0,346.0,28.05555555555556,5.9021305573477045
0.0069444444444444,0.2833333333333333,0.00814332247557,0.3753026634382566,413.6645833333333,538.583488813333,194.0,0.0,645.5,35.625,5.991318191640884
0.3708333333333333,0.2541666666666666,0.1785714285714285,0.3131970260223048,163.90833333333333,286.7338635008251,0.0,0.0,200.75,52.56944444444444,6.09096846629745
0.2555555555555555,0.3180555555555555,0.2687296416938111,0.3825665859564164,177.7111111111111,336.2516677016204,18.0,0.0,194.0,45.83333333333333,14.633911069144114
0.0208333333333333,0.2944444444444444,0.0146699266503667,0.498545101842871,385.7611111111111,453.4215055827891,235.0,0.0,689.0,35.41666666666667,5.45403412145212
0.3277777777777778,0.2763888888888889,0.4113785557986871,0.4211597151576806,130.36944444444444,258.7754847985029,3.0,3.0,143.0,15.0,15.991486150357035
0.075,0.425,0.0351123595505618,0.3914835164835165,315.7715277777778,411.0160090761841,157.0,0.0,500.0,32.15277777777778,7.049458857900573
0.1375,0.5555555555555556,0.2345559845559845,0.5643564356435643,401.7402777777778,540.510855868728,156.0,0.0,640.0,27.22222222222222,10.21613087422017
0.3638888888888889,0.3208333333333333,0.487964989059081,0.4628687690742624,135.76875,182.75271800244943,0.0,0.0,315.0,51.04166666666666,3.937271236129545
0.2375,0.4430555555555555,0.3544973544973545,0.4444444444444444,276.0409722222222,371.9179247171985,168.0,0.0,394.0,39.23611111111111,7.883988608654219
0.0791666666666666,0.3416666666666667,0.0828828828828828,0.4519774011299435,307.4166666666667,404.69211008010006,120.0,0.0,517.0,34.86111111111111,5.330203725991577
0.2861111111111111,0.3986111111111111,0.357066950053135,0.3927855711422846,183.25416666666663,291.7051413486376,28.0,0.0,258.0,41.73611111111112,8.404023993584984
0.1138888888888888,0.4722222222222222,0.0576923076923076,0.5901486988847584,194.3368055555556,287.3687556121727,73.0,0.0,277.0,29.58333333333333,8.926261407954055
0.1430555555555555,0.3625,0.0796703296703296,0.5046468401486989,136.72569444444446,207.6099717781573,31.0,0.0,197.0,36.52777777777778,8.289979809253785
0.0194444444444444,0.4208333333333333,0.014657980456026,0.4891041162227603,271.1930555555556,360.03464655548123,136.0,0.0,394.0,29.51388888888889,6.971182786465831
0.1708333333333333,0.3111111111111111,0.0806845965770171,0.4316197866149369,212.79513888888889,323.108643752849,41.0,0.0,296.0,41.31944444444444,6.340220748356675
0.0222222222222222,0.4111111111111111,0.0884831460674157,0.4821428571428571,339.3833333333333,427.3077152711255,194.0,0.0,495.0,29.93055555555556,7.925912417275171
0.4152777777777778,0.1569444444444444,0.5564373897707231,0.1013071895424836,57.80625,144.8313076465183,0.0,0.0,35.0,60.97222222222223,24.62731784062514
0.0708333333333333,0.3763888888888889,0.0590809628008752,0.5188199389623601,197.67638888888888,258.18866457783395,87.0,0.0,328.5,31.944444444444443,6.644074292999607
0.25,0.5708333333333333,0.2268339768339768,0.3712871287128713,257.3298611111111,338.74753402934266,111.0,0.0,421.0,32.29166666666667,6.79206297688701
0.1277777777777777,0.4458333333333333,0.0503282275711159,0.5239064089521872,363.7361111111111,522.334171391602,98.0,0.0,587.0,32.84722222222222,7.218276399713689
0.4208333333333333,0.4111111111111111,0.4617067833698031,0.4750762970498474,73.25,157.42031748977757,3.0,0.0,73.0,46.458333333333336,31.011340291398863
0.0069444444444444,0.4819444444444444,0.0632022471910112,0.5425824175824175,542.5638888888889,521.8284926702347,479.5,0.0,861.0,25.76388888888889,3.091450669953198
0.0986111111111111,0.4208333333333333,0.2120786516853932,0.5370879120879121,454.2611111111111,536.3987111848996,213.5,0.0,809.0,32.77777777777778,3.5629236020563924
0.0666666666666666,0.3319444444444444,0.144516129032258,0.3729323308270676,246.62152777777777,340.0771452485279,96.0,0.0,373.0,35.625,7.116878290391767
0.0611111111111111,0.325,0.0171149144254278,0.492725509214355,239.99791666666667,307.34912793853766,121.0,0.0,372.0,35.625,5.640015390820423
0.2763888888888889,0.5791666666666667,0.3289902280130293,0.6368038740920097,309.1666666666667,436.945514801096,80.0,0.0,512.0,34.166666666666664,5.940787715481794
0.2819444444444444,0.4263888888888889,0.249185667752443,0.4394673123486682,325.3854166666667,500.7671481714868,57.0,0.0,479.0,41.875,6.266346368532445
0.1361111111111111,0.3875,0.2821869488536155,0.284313725490196,275.89722222222224,367.5508339789802,121.0,0.0,449.0,36.80555555555556,9.013854279574428
0.6555555555555556,0.3180555555555555,0.6238044633368757,0.2464929859719438,57.703472222222224,147.93393991448778,0.0,0.0,30.0,65.27777777777779,23.238430978893536
0.9888888888888888,0.1847222222222222,0.9625425652667424,0.1932021466905187,50.22361111111111,236.87760405564453,3.0,0.0,3.0,41.52777777777778,55.494165997405936
0.2041666666666666,0.4736111111111111,0.300561797752809,0.5714285714285714,318.8111111111112,493.11941686848905,88.0,0.0,401.25,35.0,7.531256503385396
0.4055555555555555,0.1180555555555555,0.5347490347490348,0.0767326732673267,61.30625,154.00582992978786,0.0,0.0,40.0,62.5,29.732091510162668
0.3680555555555556,0.2805555555555555,0.3078175895765472,0.2808716707021791,133.88055555555556,303.0396064812089,0.0,0.0,98.0,52.91666666666666,14.875053156679236
0.1194444444444444,0.3763888888888889,0.2275280898876404,0.4876373626373626,292.1402777777778,409.7588620057883,106.0,0.0,449.0,36.25,9.927377585335217
0.2944444444444444,0.4625,0.3897707231040564,0.4869281045751634,353.6138888888889,486.3804061221024,168.0,0.0,582.0,40.97222222222222,19.7429997194924
0.275,0.3861111111111111,0.2735229759299781,0.4760935910478128,95.87638888888888,174.68590694624024,13.0,0.0,121.0,41.94444444444444,17.934938520914212
0.1458333333333333,0.3083333333333333,0.1026894865525672,0.4558680892337536,221.2111111111111,325.97770595953693,47.0,0.0,337.0,40.833333333333336,5.779217144039721
0.2166666666666666,0.3236111111111111,0.217032967032967,0.4758364312267658,290.44930555555555,497.63727667630354,22.0,0.0,407.0,35.138888888888886,9.045772142553758
0.4013888888888889,0.1263888888888888,0.5511463844797179,0.0424836601307189,56.37083333333333,130.06813838123358,0.0,0.0,40.0,62.083333333333336,18.1733011718475
0.4736111111111111,0.4888888888888889,0.2994505494505494,0.4423791821561338,120.40486111111112,223.68197381703004,6.0,0.0,153.0,46.66666666666666,22.102354240319404
0.0805555555555555,0.3027777777777777,0.0656455142231947,0.4608341810783316,201.34652777777777,281.6623961560474,59.0,0.0,315.0,38.19444444444444,7.882753802308773
0.0458333333333333,0.2625,0.1187096774193548,0.2902255639097744,252.7875,371.4141738226084,49.0,0.0,425.0,37.43055555555556,5.772875653354138
0.0847222222222222,0.5472222222222223,0.036036036036036,0.5853107344632769,428.2548611111111,439.1208978592824,357.0,0.0,662.0,26.59722222222222,4.5432613344788
0.0805555555555555,0.3347222222222222,0.0568927789934354,0.4801627670396745,197.04930555555555,329.0212363051263,46.0,0.0,247.0,36.04166666666666,12.188930741745745
0.2319444444444444,0.3625,0.2013129102844639,0.45676500508647,84.48819444444445,152.4504859280485,13.0,0.0,103.0,40.27777777777778,17.03383787038763
0.0930555555555555,0.3791666666666666,0.1225225225225225,0.496045197740113,341.01180555555555,453.4409626415817,145.5,0.0,587.0,34.93055555555556,6.139565395622566
0.0541666666666666,0.3902777777777778,0.0252252252252252,0.4757062146892655,263.5527777777778,387.1821025490741,120.0,0.0,349.0,32.15277777777778,9.335369979818598
0.0222222222222222,0.5333333333333333,0.0218818380743982,0.6520854526958291,263.68541666666664,344.41397438206945,141.0,5.0,415.0,23.541666666666668,13.338210670447204
0.5875,0.2236111111111111,0.6546227417640808,0.2665330661322645,61.40694444444444,162.74039476401325,0.0,0.0,27.5,66.59722222222221,30.33808840749365
0.0666666666666666,0.4763888888888888,0.0702702702702702,0.5638418079096045,324.5340277777778,407.6222927149164,160.0,0.0,517.0,28.33333333333333,7.580774381891076
0.2027777777777777,0.3180555555555555,0.1509846827133479,0.422177009155646,131.5673611111111,236.35025049184,13.0,0.0,167.0,41.31944444444444,11.094842002082771
0.2416666666666666,0.3152777777777777,0.3544857768052516,0.4862665310274669,177.25625,265.369628856082,16.0,0.0,305.0,42.43055555555556,6.0856729855720175
0.0944444444444444,0.4333333333333333,0.2645502645502645,0.4248366013071895,280.82430555555555,375.1403985953905,121.0,0.0,479.0,32.013888888888886,10.916611212305328
0.2125,0.5916666666666667,0.1895604395604395,0.6486988847583643,236.88125,317.34179403548603,120.0,0.0,259.0,29.58333333333333,5.651465694091065
0.1541666666666666,0.3277777777777778,0.0412087912087912,0.4609665427509293,275.62638888888887,449.59447173894654,37.5,0.0,296.0,39.93055555555556,8.790555049439215
0.3638888888888889,0.3041666666666666,0.4576719576719577,0.2026143790849673,89.59444444444445,187.46687296992675,0.0,0.0,80.75,51.04166666666666,12.35416181760074
0.0375,0.3888888888888889,0.0309446254071661,0.4576271186440678,368.18958333333336,455.2056887511446,188.0,0.0,620.0,31.666666666666664,5.18152112112818
0.3958333333333333,0.6541666666666667,0.4560260586319218,0.6924939467312349,209.6861111111111,314.0580322455461,57.0,0.0,303.0,35.97222222222222,9.484243800181387
0.1875,0.8833333333333333,0.2151589242053789,0.8729388942774006,310.87083333333334,319.41656548100843,311.0,52.0,407.0,13.819444444444445,8.326391028489045
0.1416666666666666,0.3805555555555555,0.2205056179775281,0.4629120879120879,254.30416666666667,409.0196187086067,86.0,0.0,294.0,36.59722222222222,8.766021903709982
0.2958333333333333,0.4611111111111111,0.3276283618581907,0.5470417070805044,278.4625,437.9296369328069,51.0,0.0,394.0,40.625,8.58710995911739
0.0069444444444444,0.3666666666666666,0.004885993485342,0.4455205811138014,395.85069444444446,471.8608092219284,231.0,0.0,640.0,31.18055555555556,5.134613854463163
0.0263888888888888,0.2875,0.0309446254071661,0.3789346246973366,498.93055555555554,667.3830740407051,227.0,0.0,776.0,36.388888888888886,6.135842913674624
0.0277777777777777,0.5333333333333333,0.0126126126126126,0.6056497175141243,327.06458333333336,335.071845670106,250.0,7.5,517.0,24.375,5.306629961658455
0.6527777777777778,0.2972222222222222,0.6429330499468651,0.2565130260521042,55.74166666666667,133.80631740239116,0.0,0.0,24.0,65.97222222222221,14.151951251414522
0.2722222222222222,0.3625,0.3654266958424507,0.503560528992879,186.93402777777777,353.6836891959025,22.0,0.0,214.0,42.84722222222222,15.244081049962936
0.0444444444444444,0.3819444444444444,0.0396396396396396,0.4858757062146893,334.925,436.7610554152576,116.0,0.0,587.0,31.666666666666664,5.419157753373369
0.0402777777777777,0.2736111111111111,0.006514657980456,0.3365617433414044,343.8201388888889,463.9771555206266,116.0,0.0,564.0,37.84722222222222,4.935353517358843
0.1236111111111111,0.4305555555555556,0.0659340659340659,0.5585501858736059,258.0763888888889,372.68594949942695,99.0,0.0,384.0,33.263888888888886,9.44389499735246
0.1527777777777778,0.4583333333333333,0.2570224719101123,0.5645604395604396,434.4333333333333,775.4610140391641,137.0,0.0,520.0,32.916666666666664,15.830237538505283
0.2777777777777778,0.3291666666666666,0.1137855579868709,0.358087487283825,126.46041666666666,216.5911815361253,12.0,0.0,168.0,45.13888888888889,11.714848232946968
0.1375,0.3472222222222222,0.1135135135135135,0.4282485875706214,253.28333333333333,360.9716506764455,64.0,0.0,411.0,37.84722222222222,5.585642656022009
0.0430555555555555,0.3125,0.0504504504504504,0.4372881355932203,388.1277777777778,502.6775081487848,201.0,0.0,640.0,35.90277777777778,8.807289348698864
0.0666666666666666,0.5097222222222222,0.0486486486486486,0.5774011299435028,229.6298611111111,308.73020410548344,108.0,2.0,326.0,24.09722222222222,7.368699764815104
0.5791666666666667,0.4791666666666667,0.521978021978022,0.4405204460966542,104.77361111111112,285.48222641068526,0.0,0.0,88.75,52.708333333333336,211.24443035671723
0.0666666666666666,0.6972222222222222,0.1862934362934362,0.8193069306930693,285.68888888888887,368.3807501524077,126.0,5.0,452.75,0.0,8.02931470281986
0.2513888888888889,0.35,0.1813186813186813,0.45817843866171,125.52222222222224,231.82652881871385,18.0,0.0,133.25,42.70833333333333,12.183910176131445
0.1708333333333333,0.5027777777777778,0.2022471910112359,0.5370879120879121,338.0888888888889,483.9733541432364,111.0,0.0,515.0,32.29166666666667,7.289854146145058
0.1847222222222222,0.4180555555555555,0.245045045045045,0.5299435028248588,178.15,275.3187370108876,51.0,2.0,259.0,20.20833333333333,29.44946131233422
0.2305555555555555,0.2569444444444444,0.1706783369803063,0.3662258392675483,131.40972222222223,226.8154283627015,9.5,0.0,168.0,47.15277777777778,11.357432430429183
0.1597222222222222,0.4166666666666667,0.209009009009009,0.5265536723163842,200.53333333333333,314.0238682872138,47.0,0.0,276.0,32.63888888888889,9.167219296002663
0.0513888888888888,0.4291666666666666,0.0463483146067415,0.4299450549450549,305.68333333333334,381.6913091166439,160.0,0.0,500.0,30.0,7.38863081533132
0.2083333333333333,0.6027777777777777,0.3061797752808989,0.7005494505494505,443.7680555555556,559.8136631132791,197.0,0.0,689.0,29.86111111111111,5.09235142447991
0.2333333333333333,0.3638888888888889,0.2560175054704595,0.4821973550356053,201.8527777777778,423.8097298743016,30.0,0.0,208.0,42.083333333333336,25.521999098902832
0.1277777777777777,0.3652777777777777,0.2429775280898876,0.4835164835164835,284.4847222222222,447.01968190877386,69.0,0.0,390.0,36.11111111111111,6.991003629426207
0.1194444444444444,0.2986111111111111,0.1433224755700325,0.3910411622276029,277.7763888888889,407.5104094879246,46.0,0.0,485.0,40.06944444444444,5.403851379956216
0.2527777777777777,0.4180555555555555,0.3522975929978118,0.5523906408952187,245.08541666666667,473.7453951646551,32.0,0.0,239.0,38.125,10.885295645535322
0.0361111111111111,0.5458333333333333,0.013029315960912,0.5823244552058111,575.0215277777778,614.1174519955247,421.0,11.5,941.0,24.166666666666668,7.020587795489952
0.3569444444444444,0.5722222222222222,0.4989059080962801,0.6571719226856562,350.7993055555556,657.302151854108,39.0,0.0,357.0,33.125,10.28499511330206
0.4986111111111111,0.2541666666666666,0.5356004250797024,0.2144288577154308,69.47361111111111,155.1467753073557,0.0,0.0,52.0,60.48611111111111,18.53963222408756
0.3027777777777777,0.5583333333333333,0.3698030634573304,0.6266531027466938,88.8125,150.8456619932508,20.0,0.0,106.0,32.56944444444444,11.754333801848894
0.0152777777777777,0.8916666666666667,0.0694980694980695,0.957920792079208,197.92777777777772,295.7179747024498,57.0,5.0,256.0,0.0,9.780859049640435
0.1166666666666666,0.3194444444444444,0.2275280898876404,0.4340659340659341,251.8798611111111,366.3697405729432,76.0,0.0,398.0,38.61111111111112,10.877767245391668
0.1430555555555555,0.6763888888888889,0.2374517374517374,0.7772277227722773,221.61388888888888,389.6242869804431,18.0,5.0,273.0,0.0,9.608150081150235
0.3222222222222222,0.8125,0.4198198198198198,0.848587570621469,469.38194444444446,519.2222721013728,357.0,3.0,776.0,24.51388888888889,7.312889228518016
0.5125,0.5041666666666667,0.4601487778958554,0.4128256513026052,143.5263888888889,313.6613957097653,3.0,0.0,139.0,49.79166666666666,22.21479691585717
0.2625,0.4638888888888889,0.0962800875273523,0.4598168870803662,163.85208333333333,277.4342705792395,37.0,0.0,197.0,38.263888888888886,10.407677452893836
0.0347222222222222,0.425,0.1320224719101123,0.5260989010989011,339.5888888888889,485.0096813274882,148.0,0.0,425.0,29.791666666666668,6.796256739877436
0.2013888888888889,0.4583333333333333,0.2738738738738738,0.5672316384180791,229.72291666666663,378.5042638111828,77.0,4.0,230.0,0.0,47.17034493324926
0.0,1.0,0.0,1.0,276.4138888888889,411.0456786188168,45.0,8.0,421.0,0.0,5.784391582423192
0.2763888888888889,0.2777777777777778,0.3172866520787746,0.4160732451678535,181.7513888888889,334.4645363231107,5.0,0.0,227.0,48.54166666666666,15.255815786701454
0.1694444444444444,0.4763888888888888,0.0317848410757946,0.5286129970902037,215.90902777777777,309.58062722840833,80.5,0.0,318.75,32.84722222222222,6.932843523784007
0.0708333333333333,0.6083333333333333,0.0065645514223194,0.6642929806714141,472.9881944444445,574.0126179924338,264.0,13.0,728.0,21.666666666666668,6.152166532396099
0.1805555555555555,0.4888888888888889,0.0219780219780219,0.5446096654275093,302.24097222222224,419.7221965718433,96.0,0.0,469.0,33.40277777777778,5.504494140625755
0.2958333333333333,0.4555555555555555,0.3333333333333333,0.5254237288135594,175.82847222222222,280.9777783133993,35.0,0.0,201.0,40.34722222222222,7.03144892893208
0.1694444444444444,0.3958333333333333,0.2905405405405405,0.3663366336633663,478.8986111111111,639.863809778368,100.0,0.0,854.0,37.5,3.1747042919510746
0.0166666666666666,0.4013888888888889,0.1235955056179775,0.5123626373626373,320.58194444444445,471.1995385122964,142.0,0.0,384.0,29.58333333333333,9.075709524243525
0.0458333333333333,0.4208333333333333,0.1530898876404494,0.5315934065934066,414.30347222222224,489.5784265132447,247.0,0.0,669.0,30.069444444444443,4.430116637304115
0.3527777777777778,0.3472222222222222,0.3985122210414453,0.3006012024048096,184.70486111111111,343.08432557992575,3.0,0.0,202.0,48.19444444444444,8.214838790735824
0.025,0.4611111111111111,0.014657980456026,0.5193704600484261,362.8118055555556,452.40893331808616,194.0,0.0,545.0,27.63888888888889,5.704457524597597
0.0583333333333333,0.4861111111111111,0.0218818380743982,0.5910478128179044,350.9201388888889,392.7202168712263,268.0,0.0,515.0,27.43055555555556,6.932413564589336
0.1236111111111111,0.25,0.1987096774193548,0.2857142857142857,190.7868055555556,316.46657784322787,27.0,0.0,286.0,42.84722222222222,20.21662225034518
0.3263888888888889,0.4583333333333333,0.3369369369369369,0.5050847457627119,127.9375,209.5743433797604,23.0,0.0,159.25,33.125,9.19306362797207
0.0847222222222222,0.4958333333333333,0.1016483516483516,0.6403345724907064,208.98263888888889,291.1780206783805,82.0,0.0,286.0,28.958333333333336,6.912144967701258
0.0458333333333333,0.3291666666666666,0.0464547677261613,0.5179437439379243,353.0833333333333,454.301489042784,154.0,0.0,587.0,35.208333333333336,5.278755573501412
0.0555555555555555,0.5361111111111111,0.0684684684684684,0.6203389830508474,385.88194444444446,554.5799767499022,103.0,4.0,566.0,0.0,5.225182147377614
0.0708333333333333,0.4930555555555556,0.0814606741573033,0.5082417582417582,295.45,409.6973089002216,139.0,0.0,439.0,27.916666666666668,12.831795176518932
0.2277777777777777,0.3597222222222222,0.1728665207877461,0.444557477110885,198.1784722222222,297.40723600050734,40.0,0.0,315.0,42.22222222222222,12.71390737044865
0.1819444444444444,0.3388888888888889,0.1791530944625407,0.3983050847457627,205.29652777777773,337.90441796370123,21.0,0.0,270.25,40.34722222222222,6.054162510933404
0.5388888888888889,0.3319444444444444,0.5196599362380446,0.2384769539078156,85.91944444444445,191.90839736225328,0.0,0.0,58.0,59.30555555555556,13.407766039271506
0.2944444444444444,0.4472222222222222,0.3495495495495495,0.5299435028248588,230.78402777777777,362.5901146840616,38.0,0.0,313.0,40.833333333333336,10.829324507868774
0.1486111111111111,0.375,0.0513447432762836,0.4801163918525703,211.1513888888889,292.3495021524263,96.5,0.0,327.0,37.29166666666666,10.194089248314118
0.2388888888888889,0.4166666666666667,0.2335164835164835,0.5288104089219331,141.6784722222222,205.39072432919605,31.5,0.0,227.0,37.77777777777778,5.7384279911848735
0.1472222222222222,0.4333333333333333,0.1538461538461538,0.5743494423791822,203.0145833333333,314.89633258205384,55.0,0.0,261.25,34.166666666666664,7.996852289548637
0.0486111111111111,0.3277777777777778,0.1367741935483871,0.3789473684210526,320.67847222222224,600.778740716728,98.0,0.0,425.0,35.41666666666667,39.31798368167763
0.0277777777777777,0.2847222222222222,0.0342342342342342,0.4169491525423728,270.2729166666667,385.7513698606592,94.0,0.0,401.25,36.18055555555556,6.553728420179976
0.1,0.4041666666666667,0.2134831460674157,0.5206043956043956,353.3979166666667,467.6993244506095,157.0,0.0,586.0,33.541666666666664,5.811342251439266
0.0638888888888888,0.3805555555555555,0.0216216216216216,0.4576271186440678,324.0756944444444,408.3581770929582,141.0,0.0,568.0,32.98611111111111,4.595339542040088
0.0805555555555555,0.5180555555555556,0.1063063063063063,0.6090395480225989,244.6930555555556,306.41638715070883,137.0,0.0,361.0,26.52777777777778,6.245213813110616
0.1430555555555555,0.3013888888888889,0.1050328227571116,0.4323499491353001,149.98611111111111,218.2753928675781,33.0,0.0,243.0,38.333333333333336,5.592836417908066
0.4986111111111111,0.4319444444444444,0.5044091710758377,0.3594771241830065,160.19861111111112,268.4898327108335,0.0,0.0,231.0,52.708333333333336,10.150085630666426
0.2694444444444444,0.2708333333333333,0.3588621444201313,0.4354018311291963,166.81944444444446,276.5090594199716,5.0,0.0,250.0,49.30555555555556,6.640132584357734
0.1916666666666666,0.3833333333333333,0.2032967032967033,0.5278810408921933,174.5090277777778,234.5469275241244,61.0,0.0,286.0,38.958333333333336,5.008220762773679
0.3666666666666666,0.6833333333333333,0.4420131291028446,0.7049847405900305,85.56597222222223,141.5230853673576,27.0,0.0,106.0,29.02777777777778,14.085539883007952
0.3083333333333333,0.4708333333333333,0.3545232273838631,0.5557710960232783,256.0138888888889,396.2721509229443,42.0,0.0,394.0,39.79166666666666,7.511051734800024
0.1652777777777777,0.3680555555555556,0.1291208791208791,0.5102230483271375,289.1083333333333,499.0792683755829,50.0,0.0,407.0,32.29166666666667,11.994827872151008
0.6291666666666667,0.2305555555555555,0.6376195536663124,0.1843687374749499,54.87152777777778,142.04306727969163,0.0,0.0,20.0,68.81944444444444,19.561285360520493
0.4875,0.4291666666666666,0.499034749034749,0.3935643564356436,103.15416666666668,194.1380296291724,0.0,0.0,131.0,51.24999999999999,18.87871070795611
0.0597222222222222,0.3805555555555555,0.1404494382022472,0.4656593406593406,351.0340277777778,420.9231188086839,188.0,0.0,582.0,33.05555555555556,5.0070707588657
0.2986111111111111,0.3916666666666666,0.1028446389496717,0.3835198372329603,161.20347222222222,255.05942484715743,22.0,0.0,220.0,42.5,6.349561995711315
0.0444444444444444,0.5208333333333334,0.054054054054054,0.607909604519774,202.725,310.0412592193918,82.0,4.0,277.0,0.0,27.31744457124934
0.7652777777777777,0.3861111111111111,0.6980645161290323,0.3203007518796992,65.53194444444445,161.32286380660832,0.0,0.0,55.0,67.98611111111111,19.87440954429179
0.1125,0.3208333333333333,0.1384364820846905,0.4128329297820823,250.95763888888888,385.94900808556594,61.0,0.0,361.0,38.05555555555556,7.3504553742396945
0.0638888888888888,0.6819444444444445,0.0772471910112359,0.6978021978021978,431.1368055555556,525.6092094274591,232.0,38.0,624.0,18.194444444444443,6.088882130419812
0.1291666666666666,0.3541666666666667,0.2205056179775281,0.4491758241758242,402.76666666666665,740.0107964578749,40.0,0.0,487.0,36.875,13.1989769179235
0.2930555555555555,0.1430555555555555,0.4717813051146384,0.0424836601307189,71.57638888888889,156.9161229120778,0.0,0.0,72.0,54.65277777777777,31.8872932048803
0.2916666666666667,0.375,0.4074074074074074,0.3529411764705882,297.12291666666664,473.8861511540079,33.0,0.0,452.75,44.93055555555556,7.623533037707265
0.0847222222222222,0.4,0.1882022471910112,0.5068681318681318,300.71319444444447,447.0328963160054,127.0,0.0,365.0,32.43055555555556,10.446466169702184
0.2888888888888888,0.4027777777777778,0.3192182410423452,0.4648910411622276,232.47708333333333,428.8225643448332,26.0,0.0,248.0,42.84722222222222,9.822657059373118
0.0722222222222222,0.4722222222222222,0.0738738738738738,0.5581920903954802,361.7625,428.93351331289904,219.0,0.0,587.0,28.819444444444443,5.355800545813573
0.1680555555555555,0.4861111111111111,0.2584269662921348,0.5782967032967034,482.0506944444445,999.997062990581,107.0,0.0,626.0,33.47222222222222,23.52350259633733
0.5097222222222222,0.2694444444444444,0.5612903225806452,0.3112781954887218,132.40833333333333,291.2111989681158,0.0,0.0,83.0,60.41666666666666,11.150605312230129
0.2722222222222222,0.4930555555555556,0.3809523809523809,0.5784313725490197,259.7340277777778,362.6895278738453,100.0,0.0,407.0,37.98611111111111,7.900449551219546
0.0611111111111111,0.5138888888888888,0.0219780219780219,0.6412639405204461,274.89166666666665,364.5643407038821,141.0,0.0,415.0,25.972222222222225,11.25048335156196
0.1097222222222222,0.2694444444444444,0.2275280898876404,0.3914835164835165,262.3833333333333,407.50350160716255,55.0,0.0,386.0,41.04166666666666,7.525735200704775
0.0597222222222222,0.4486111111111111,0.0769230769230769,0.6171003717472119,265.8798611111111,343.833290462514,111.0,0.0,439.0,29.166666666666668,6.106428835849069
0.1597222222222222,0.3527777777777778,0.1873873873873874,0.4610169491525424,337.9986111111112,455.0960417596607,94.0,0.0,587.0,39.65277777777778,5.508267425991623
0.0819444444444444,0.2652777777777778,0.0940919037199124,0.4455747711088504,191.8625,254.52548988264428,42.5,0.0,396.0,39.02777777777778,5.788830533139962
0.075,0.4833333333333333,0.0730337078651685,0.4862637362637362,285.9368055555556,405.3745968349184,120.0,0.0,411.0,28.40277777777778,9.261937514280293
0.2083333333333333,0.4472222222222222,0.2756756756756757,0.5536723163841808,213.82430555555555,310.50978119493175,87.0,0.0,295.0,36.45833333333333,8.203958154828083
0.0180555555555555,0.5236111111111111,0.0109890109890109,0.6728624535315985,386.4243055555556,482.3030873502888,191.0,7.0,582.0,21.80555555555556,6.381781247970106
0.2527777777777777,0.6375,0.2794943820224719,0.6648351648351648,353.39930555555554,466.9733512427516,168.0,0.0,498.0,28.958333333333336,5.270349865473096
0.0722222222222222,0.3291666666666666,0.0082417582417582,0.5055762081784386,165.0236111111111,257.7443950387401,53.0,0.0,217.0,35.41666666666667,12.175153470669644
0.2152777777777778,0.4194444444444444,0.25,0.5520446096654275,350.6534722222222,524.2129837346084,83.0,0.0,564.0,34.513888888888886,7.8670216165000575
0.5555555555555556,0.8708333333333333,0.6558558558558558,0.8542372881355932,254.96944444444443,352.41825025129543,96.0,0.0,369.0,32.84722222222222,7.033750124924575
0.6041666666666666,0.2902777777777778,0.5631868131868132,0.3113382899628252,80.35416666666667,193.53559714624075,0.0,0.0,37.0,60.0,15.06841349867315
0.1125,0.4722222222222222,0.0219780219780219,0.578996282527881,364.5423611111111,426.22885288940944,250.0,0.0,605.0,30.486111111111114,5.996385238300915
0.3,0.4069444444444444,0.3276283618581907,0.5063045586808923,185.0402777777778,305.76373086616377,25.0,0.0,259.0,41.31944444444444,8.556624993110022
0.3208333333333333,0.2513888888888889,0.0328227571115973,0.2319430315361139,245.26944444444445,388.9370642243016,3.0,0.0,411.0,49.51388888888889,7.099716260274245
0.7375,0.3930555555555555,0.757328990228013,0.3910411622276029,49.852777777777774,139.93013939701146,0.0,0.0,32.0,65.48611111111111,30.40906600262692
0.0194444444444444,0.5833333333333334,0.0252252252252252,0.6610169491525424,255.13888888888889,363.7281306668146,103.0,6.0,337.0,0.0,9.121085300664586
0.3263888888888889,0.4083333333333333,0.400352733686067,0.3235294117647059,254.94375,391.2919074117705,33.0,0.0,421.0,45.208333333333336,9.775111703774094
0.1597222222222222,0.3652777777777777,0.0329670329670329,0.4795539033457249,306.20625,436.14768184396735,79.0,0.0,499.0,38.19444444444444,7.143135168467214
0.1666666666666666,0.3083333333333333,0.2943676939426142,0.3166332665330661,213.82083333333333,385.6029454404024,29.0,0.0,315.0,39.72222222222222,29.001815871365384
0.3611111111111111,0.3430555555555555,0.4077419354838709,0.3729323308270676,138.04583333333332,272.8518053748533,3.0,0.0,138.0,48.125,10.82464233681542
0.075,0.3013888888888889,0.0684684684684684,0.4135593220338983,362.9958333333333,528.2767453230006,103.0,0.0,564.0,37.01388888888889,6.616417949581478
0.4652777777777778,0.3305555555555555,0.4381107491856677,0.3365617433414044,131.3451388888889,275.4410468738615,0.0,0.0,93.0,55.00000000000001,9.739127439203466
0.2277777777777777,0.3444444444444444,0.3194748358862144,0.5015259409969481,285.79791666666665,429.4214963627168,38.0,0.0,457.75,42.77777777777778,6.718400446584554
0.4,0.5125,0.4673721340388007,0.6437908496732027,178.7722222222222,289.8146004482889,23.0,0.0,248.0,43.26388888888889,9.720192000839312
0.3027777777777777,0.1194444444444444,0.4546332046332046,0.0569306930693069,72.23819444444445,149.51174020179567,0.0,0.0,66.0,56.875,16.13697721945947
0.6388888888888888,0.2430555555555555,0.9693654266958424,0.4282807731434384,122.99444444444444,293.5070180937684,3.0,3.0,58.0,10.13888888888889,14.640141823486994
0.3138888888888889,0.4319444444444444,0.1236263736263736,0.4516728624535316,161.00069444444443,284.4635112420369,17.5,0.0,190.0,42.01388888888889,9.97386021001672
0.5333333333333333,0.2194444444444444,0.5,0.2263922518159806,95.95694444444445,231.912349745006,0.0,0.0,52.0,63.68055555555555,15.82679003513083
0.3888888888888889,0.5319444444444444,0.5229759299781181,0.6154628687690743,89.56666666666666,150.4339555506895,16.0,0.0,121.0,39.02777777777778,13.091128064736418
0.0402777777777777,0.4680555555555555,0.0521172638436482,0.5399515738498789,577.0291666666667,576.8230638243364,495.0,0.0,1002.0,28.194444444444443,2.8176011566054058
0.0222222222222222,0.4722222222222222,0.0171149144254278,0.6226964112512124,368.88125,451.71809972790106,227.0,0.0,550.0,26.944444444444443,7.151509524590975
0.0194444444444444,0.4541666666666666,0.0018018018018018,0.5412429378531074,362.9972222222222,400.4025684352095,242.0,0.0,587.0,27.43055555555556,3.470160602355849
0.3125,0.3472222222222222,0.3282275711159737,0.4455747711088504,170.49375,289.28443258357004,9.0,0.0,240.0,46.52777777777778,14.32353774048031
0.0902777777777777,0.3722222222222222,0.2036516853932584,0.489010989010989,358.4243055555556,473.1961849272212,168.0,0.0,564.0,34.86111111111111,6.174393218589546
0.1305555555555555,0.4722222222222222,0.1165730337078651,0.4629120879120879,314.2909722222222,453.882538372845,91.0,0.0,500.0,31.73611111111111,11.808507543763987
0.1569444444444444,0.3666666666666666,0.2696629213483146,0.4821428571428571,407.89722222222224,573.297248455017,131.0,0.0,640.0,38.88888888888889,9.400986109786974
0.2819444444444444,0.4944444444444444,0.3549549549549549,0.5819209039548022,195.21597222222223,314.70572622022934,43.0,0.0,243.0,36.25,8.3269913750207
0.0319444444444444,0.5097222222222222,0.022801302931596,0.5617433414043583,490.24652777777777,556.3901018495598,293.0,0.0,801.0,25.90277777777778,4.631235412036936
0.2027777777777777,0.5861111111111111,0.2387640449438202,0.6236263736263736,391.7986111111111,545.9702914411737,182.0,0.0,483.0,29.58333333333333,6.200219275749134
0.2861111111111111,0.3513888888888888,0.3159609120521172,0.4200968523002421,204.55694444444444,380.76805023844577,18.0,0.0,223.0,44.583333333333336,10.739726695429402
0.2472222222222222,0.5041666666666667,0.348314606741573,0.6057692307692307,257.4972222222222,453.4955900182607,66.0,0.0,342.0,35.27777777777778,24.39904510873742
0.175,0.4013888888888889,0.061269146608315,0.461851475076297,241.35,403.1592366771943,58.0,0.0,306.0,37.36111111111112,12.680834965856072
0.0513888888888888,0.4847222222222222,0.0468468468468468,0.5683615819209039,186.55902777777777,231.7838953349644,120.0,0.0,267.0,27.01388888888889,8.032858827646365
